INSERT INTO location(campus, building, room) VALUES
('HCMUT', 'H1', '101'),
('HCMUT', 'H2', '203'),
('HCMUT', 'H7', '101'),
('HCMUT', 'H5', '501'),
('HCMUT', 'H3', '102'),
('HCMUT', 'H4', '204'),
('HCMUT', 'H6', '302'),
('HCMUT', 'H8', '402');

-- Insert data into the printer table first
INSERT INTO printer (printerStatus, printerDescription, resolution, colorPrinting, side, price, model, speed, brand, wireless, printingMethod, locationID) VALUES
('Available', 'High-speed printer', '600dpi', 1, '2', 150, 'Model X', 30, 'Brand A', 1, 'Laser', 1),
('Unavailabl', 'Standard printer', '300dpi', 0, '1', 100, 'Model Y', 20, 'Brand B', 0, 'Inkjet', 2),
('Available', 'Office printer', '1200dpi', 1, '2', 200, 'Model Z', 25, 'Brand C', 1, 'Laser', 3),
('Unavailabl', 'Compact printer', '600dpi', 0, '1', 80, 'Model W', 15, 'Brand D', 0, 'Inkjet', 4),
('Available', 'High-volume printer', '1200dpi', 1, '2', 300, 'Model V', 35, 'Brand E', 1, 'Laser', 1),
('Available', 'Photo printer', '2400dpi', 1, '1', 250, 'Model U', 10, 'Brand F', 1, 'Thermal', 2),
('Available', 'High-speed printer', '600dpi', 1, '2', 150, 'Model A', 30, 'Brand G', 1, 'Laser', 5),
('Unavailable', 'Standard printer', '300dpi', 0, '1', 100, 'Model B', 20, 'Brand H', 0, 'Inkjet', 6),
('Available', 'Office printer', '1200dpi', 1, '2', 200, 'Model C', 25, 'Brand I', 1, 'Laser', 7),
('Unavailable', 'Compact printer', '600dpi', 0, '1', 80, 'Model D', 15, 'Brand J', 0, 'Inkjet', 8);

INSERT INTO account (username, accountPassword, fullName, roles) VALUES
('HoGiaThang00', '$2b$10$lkzdlp/GEd.QdpiWcO.I/uL5TEVYhgfJpxWUH4QMlHhYFWwMm0E66', 'Ho Gia Thang', 'Printing Staff'),    -- Password123
('TranLam01', '$2b$10$Kv6eW3SmMgEnZE6Yp9/Iy.Nb4WCFd4Myxic0K47807fM130MmUB4G', 'Tran Lam', 'SPSO'),			  		-- SecurePass456
('DuongHaiLam10', '$2b$10$X.XAhqKBwWsmTySClJTIw.GlC8iMgzYQcGGksO2dQrDWL7m48joqq', 'Duong Hai Lam', 'Printing Staff'),	-- MyPassword789
('PhanTuanKiet11', '$2b$10$PfHHGYXTk2x0nhQyrwprdeRq6bq083WyWyDvZ8dyrUcFc1oQh3.UK', 'Phan Tuan Kiet', 'User'),         	-- AnotherPass012
('NguyenVanT24', '$2b$10$WaOZwQJQpnRzxyX0Aj7CMOQDt1phzOWWSGvwVUBHwQ7Bqy..OwZuW', 'Nguyen Van T', 'SPSO'),        		-- FinalPass345
('NgoDinhT46', '$2b$10$TeOwi3y4w3RoLlzaIshIkev0Q.k/D52zKlAATSoq2Mn98hj4qQYXa', 'Ngo Dinh D', 'User'),  				-- Top1SeverMienNam
('NguoiHamMo33', '$2b$10$ccYOfgjrpfMSd59t4PI1muvBgER16lITCH1FEkpvCzsPpDTte0DPe', 'Nguyen Xuan C', 'User'), 			-- Top1SeverMienBac
('NguoiThoiLua44', '$2b$10$9TvAO6ee5rv0Iu45iR8ZDeLqRBLy47LB7k0pQ4gua55Bri0jR3Aie', 'Le Van Bao', 'User'),     			-- Top1SeverChauAu
('RonDemon1234', '$2b$10$lkzdlp/GEd.QdpiWcO.I/uL5TEVYhgfJpxWUH4QMlHhYFWwMm0E66', 'Phan Van Diot', 'Printing Staff'),     -- Password123
('RoyCanon2946', '$2b$10$lkzdlp/GEd.QdpiWcO.I/uL5TEVYhgfJpxWUH4QMlHhYFWwMm0E66', 'Le Dinh T', 'Printing Staff'),   -- FinalPass345
('NguyenVanA', '$2b$10$lkzdlp/GEd.QdpiWcO.I/uL5TEVYhgfJpxWUH4QMlHhYFWwMm0E66', 'Nguyen Van A', 'User'),    -- Password123
('TranThiB', '$2b$10$Kv6eW3SmMgEnZE6Yp9/Iy.Nb4WCFd4Myxic0K47807fM130MmUB4G', 'Tran Thi B', 'SPSO'),          -- SecurePass456
('LeVanC', '$2b$10$X.XAhqKBwWsmTySClJTIw.GlC8iMgzYQcGGksO2dQrDWL7m48joqq', 'Le Van C', 'Printing Staff'),    -- MyPassword789
('PhamThiD', '$2b$10$PfHHGYXTk2x0nhQyrwprdeRq6bq083WyWyDvZ8dyrUcFc1oQh3.UK', 'Pham Thi D', 'User');          -- AnotherPass012

INSERT INTO spso(id) VALUES
(2),
(5),
(11),
(12);

INSERT INTO spsoPhoneNumbers(id, phoneNumber) VALUES
(2, '0901156009'),
(2, '0387674221'),
(5, '0987654321'),
(5, '0332194924'),
(11, '0901234567'),
(11, '0387654321'),
(12, '0987654321'),
(12, '0332123456');

INSERT INTO manage (spsoID, printerID) VALUES
(2, 1),
(2, 2),
(2, 4),
(5, 3),
(5, 5),
(5, 6),
(11, 7),
(11, 8),
(12, 9),
(12, 10);

INSERT INTO manipulation (spsoID, printerID, spsoAction, actionTime) VALUES
(2, 1, 'Add printer', '2023-12-12 10:00:00'),
(2, 2, 'Add printer', '2023-12-12 11:00:00'),
(5, 3, 'Add printer', '2023-12-12 12:00:00'),
(2, 4, 'Add printer', '2023-12-12 13:00:00'),
(5, 5, 'Add printer', '2023-12-12 14:00:00'),
(5, 6, 'Add printer', '2023-12-12 15:00:00'),
(2, 1, 'Repair printer', '2023-12-12 16:00:00'),
(2, 2, 'Repair printer', '2023-12-12 17:00:00'),
(5, 3, 'Repair printer', '2023-12-12 18:00:00'),
(11, 7, 'Add printer', '2024-01-01 10:00:00'),
(11, 8, 'Add printer', '2024-01-01 11:00:00'),
(12, 9, 'Add printer', '2024-01-01 12:00:00'),
(12, 10, 'Add printer', '2024-01-01 13:00:00');

INSERT INTO customer (id, balance) VALUES
(4, 10000),
(6, 20000),
(7, 30000),
(8, 50000),
(13, 40000),
(14, 50000);

INSERT INTO staff (id, locationID, spsoID, mentorID) VALUES
(1, 2, 2, NULL),
(3, 1, 2, NULL),
(9, 3, 5, NULL),
(10, 4, 5, NULL),
(15, 5, 11, NULL),
(16, 6, 11, NULL),
(17, 7, 12, NULL),
(18, 8, 12, NULL);

INSERT INTO staffPhoneNumbers (id, phoneNumber) VALUES
(1, '1234567890'),
(3, '0987654321'),
(9, '1122334455'),
(10, '5566778899'),
(15, '1234567891'),
(16, '0987654322'),
(17, '1122334456'),
(18, '5566778890');

-- Insert data into the operatedBy table
INSERT INTO operatedBy (printerID, staffID) VALUES
(1, 1),
(2, 3),
(3, 9),
(4, 10),
(5, 1),
(6, 3),
(7, 15),
(8, 16),
(9, 17),
(10, 18);

-- Insert data into the repairedBy table
INSERT INTO repairedBy (printerID, staffID, repairDate, cost, errorInfo) VALUES
(1, 1, '2024-01-15 10:00:00', 100, 'Paper jam'),
(2, 3, '2024-03-12 11:00:00', 150, 'Ink leakage'),
(3, 9, '2024-04-03 12:00:00', 200, 'Drum replacement'),
(4, 10, '2024-05-04 13:00:00', 120, 'Software update'),
(5, 1, '2024-06-09 14:00:00', 180, 'Power issue'),
(6, 3, '2024-07-25 15:00:00', 160, 'Network connectivity'),
(7, 15, '2024-02-01 10:00:00', 100, 'Paper jam'),
(8, 16, '2024-02-02 11:00:00', 150, 'Ink leakage'),
(9, 17, '2024-02-03 12:00:00', 200, 'Drum replacement'),
(10, 18, '2024-02-04 13:00:00', 120, 'Software update');

-- Insert data into the userOrders table
INSERT INTO userOrders (orderStatus, orderDate, completeTime, printerID, staffID) VALUES
('Cancelled', '2024-01-10 09:00:00', NULL, 1, 1),
('Completed', '2024-01-15 11:00:00', '2024-01-15 11:30:00', 2, 3),
('Cancelled', '2024-02-10 13:00:00', NULL, 3, 9), 
('Completed', '2024-03-05 14:00:00', '2024-03-05 14:30:00', 4, 10), 
('Completed', '2024-04-01 16:00:00', '2024-04-01 16:30:00', 5, 1),
('Cancelled', '2024-04-20 18:00:00', NULL, 6, 3), 
('Completed', '2024-05-10 09:00:00', '2024-05-10 09:30:00', 1, 1),
('Completed', '2024-06-15 11:00:00', '2024-06-15 11:30:00', 2, 3),
('Completed', '2024-07-12 13:00:00', '2024-07-12 13:30:00', 3, 9),
('Completed', '2024-08-20 14:00:00', '2024-08-20 14:30:00', 4, 10),
('Completed', '2024-09-11 16:00:00', '2024-09-11 16:30:00', 5, 1), 
('Completed', '2024-10-13 18:00:00', '2024-10-13 18:30:00', 6, 3), 
('Completed', '2024-11-15 09:00:00', '2024-11-15 09:30:00', 1, 1), 
('Completed', '2024-12-10 11:00:00', '2024-12-10 11:30:00', 2, 3), 
('Completed', '2024-12-11 13:00:00', '2024-12-11 13:30:00', 3, 9), 
('Completed', '2024-12-12 14:00:00', '2024-12-12 14:30:00', 4, 10), 
('Completed', '2024-12-13 16:00:00', '2024-12-13 16:30:00', 5, 1), 
('Completed', '2024-12-14 18:00:00', '2024-12-14 18:30:00', 6, 3), 
('Completed', '2024-12-15 09:00:00', '2024-12-15 09:30:00', 1, 1), 
('Completed', '2024-12-16 11:00:00', '2024-12-16 11:30:00', 2, 3), 
('Completed', '2024-12-17 13:00:00', '2024-12-17 13:30:00', 3, 9), 
('Completed', '2024-12-18 14:00:00', '2024-12-18 14:30:00', 4, 10), 
('Completed', '2024-12-19 16:00:00', '2024-12-19 16:30:00', 5, 1), 
('Completed', '2024-12-20 18:00:00', '2024-12-20 18:30:00', 6, 3), 
('Completed', '2024-12-21 09:00:00', '2024-12-21 09:30:00', 1, 1), 
('Completed', '2024-12-22 11:00:00', '2024-12-22 11:30:00', 2, 3), 
('Completed', '2024-12-23 13:00:00', '2024-12-23 13:30:00', 3, 9), 
('Completed', '2024-12-24 14:00:00', '2024-12-24 14:30:00', 4, 10), 
('Completed', '2024-12-25 16:00:00', '2024-12-25 16:30:00', 5, 1), 
('Completed', '2024-12-26 18:00:00', '2024-12-26 18:30:00', 6, 3), 
('Completed', '2024-12-27 09:00:00', '2024-12-27 09:30:00', 1, 1), 
('Completed', '2024-12-28 11:00:00', '2024-12-28 11:30:00', 2, 3), 
('Completed', '2024-12-29 13:00:00', '2024-12-29 13:30:00', 3, 9), 
('Completed', '2024-12-30 14:00:00', '2024-12-30 14:30:00', 4, 10),
('Completed', '2024-12-31 16:00:00', '2024-12-31 16:30:00', 5, 1), 
('Completed', '2025-01-01 18:00:00', '2025-01-01 18:30:00', 6, 3), 
('Completed', '2025-01-02 09:00:00', '2025-01-02 09:30:00', 1, 1), 
('Completed', '2025-01-03 11:00:00', '2025-01-03 11:30:00', 2, 3), 
('Completed', '2025-01-04 13:00:00', '2025-01-04 13:30:00', 3, 9), 
('Completed', '2025-01-05 14:00:00', '2025-01-05 14:30:00', 4, 10),
('Cancelled', '2025-01-06 16:00:00', NULL, 5, 1), 
('Completed', '2025-01-07 18:00:00', '2025-01-07 18:30:00', 6, 3), 
('Completed', '2025-01-08 09:00:00', '2025-01-08 09:30:00', 1, 1), 
('Completed', '2025-01-09 11:00:00', '2025-01-09 11:30:00', 2, 3), 
('Completed', '2025-01-10 13:00:00', '2025-01-10 13:30:00', 3, 9), 
('Completed', '2025-01-11 14:00:00', '2025-01-11 14:30:00', 4, 10), 
('Completed', '2025-01-12 16:00:00', '2025-01-12 16:30:00', 5, 1),
('Completed', '2025-01-13 18:00:00', '2025-01-13 18:30:00', 6, 3),
('Completed', '2025-01-14 09:00:00', '2025-01-14 09:30:00', 1, 1), 
('Completed', '2025-01-15 11:00:00', '2025-01-15 11:30:00', 2, 3), 
('Completed', '2025-01-16 13:00:00', '2025-01-16 13:30:00', 3, 9), 
('Completed', '2025-01-17 14:00:00', '2025-01-17 14:30:00', 4, 10), 
('Completed', '2025-01-18 16:00:00', '2025-01-18 16:30:00', 5, 1), 
('Completed', '2025-01-19 18:00:00', '2025-01-19 18:30:00', 6, 3),
('Cancelled', '2025-01-20 09:00:00', NULL, 1, 1),
('Completed', '2025-01-21 11:00:00', '2025-01-21 11:30:00', 2, 3), 
('Completed', '2025-01-22 13:00:00', '2025-01-22 13:30:00', 3, 9), 
('Cancelled', '2025-01-23 14:00:00', NULL, 4, 10),
('Completed', '2025-01-24 16:00:00', '2025-01-24 16:30:00', 5, 1), 
('Completed', '2025-01-25 18:00:00', '2025-01-25 18:30:00', 6, 3), 
('Cancelled', '2025-01-26 09:00:00', NULL, 1, 1), 
('Completed', '2025-01-27 11:00:00', '2025-01-27 11:30:00', 2, 3),
('Cancelled', '2025-01-28 13:00:00', NULL, 3, 9),
('Cancelled', '2025-01-29 14:00:00', NULL, 4, 10),
('Cancelled', '2024-02-01 09:00:00', NULL, 7, 15),
('Completed', '2024-02-02 11:00:00', '2024-02-02 11:30:00', 8, 16),
('Cancelled', '2024-02-03 13:00:00', NULL, 9, 17), 
('Completed', '2024-02-04 14:00:00', '2024-02-04 14:30:00', 10, 18);

-- Insert data into the package table
INSERT INTO package (numOfCopies, side, colorAllPages, pagePerSheet, paperSize, scale, cover, glass, binding, orderID, colorCover) VALUES
(10, '1', 1, 1, 'A4', 1.0, 1, 0, 1, 1, 1),
(20, '2', 0, 2, 'A3', 0.5, 0, 1, 0, 2, 0),
(15, '1', 1, 4, 'A4', 1.5, 1, 0, 1, 3, 1),
(25, '2', 0, 1, 'A4', 1.0, 0, 1, 0, 4, 0),
(30, '1', 1, 2, 'A3', 0.75, 1, 0, 1, 5, 1),
(12, '2', 0, 4, 'A4', 1.25, 0, 1, 0, 6, 0),
(18, '1', 1, 1, 'A4', 1.0, 1, 0, 1, 7, 1),
(22, '2', 0, 2, 'A3', 0.5, 0, 1, 0, 8, 0),
(16, '1', 1, 4, 'A4', 1.5, 1, 0, 1, 9, 1),
(24, '2', 0, 1, 'A4', 1.0, 0, 1, 0, 10, 0),
(28, '1', 1, 2, 'A3', 0.75, 1, 0, 1, 11, 1),
(14, '2', 0, 4, 'A4', 1.25, 0, 1, 0, 12, 0),
(20, '1', 1, 1, 'A4', 1.0, 1, 0, 1, 13, 1),
(26, '2', 0, 2, 'A3', 0.5, 0, 1, 0, 14, 0),
(18, '1', 1, 4, 'A4', 1.5, 1, 0, 1, 15, 1),
(25, '2', 0, 1, 'A4', 1.0, 0, 1, 0, 16, 0),
(30, '1', 1, 2, 'A3', 0.75, 1, 0, 1, 17, 1),
(15, '2', 0, 4, 'A4', 1.25, 0, 1, 0, 18, 0),
(21, '1', 1, 1, 'A4', 1.0, 1, 0, 1, 19, 1),
(27, '2', 0, 2, 'A3', 0.5, 0, 1, 0, 20, 0),
(19, '1', 1, 4, 'A4', 1.5, 1, 0, 1, 21, 1),
(23, '2', 0, 1, 'A4', 1.0, 0, 1, 0, 22, 0),
(29, '1', 1, 2, 'A3', 0.75, 1, 0, 1, 23, 1),
(13, '2', 0, 4, 'A4', 1.25, 0, 1, 0, 24, 0),
(17, '1', 1, 1, 'A4', 1.0, 1, 0, 1, 25, 1),
(22, '2', 0, 2, 'A3', 0.5, 0, 1, 0, 26, 0),
(16, '1', 1, 4, 'A4', 1.5, 1, 0, 1, 27, 1),
(24, '2', 0, 1, 'A4', 1.0, 0, 1, 0, 28, 0),
(28, '1', 1, 2, 'A3', 0.75, 1, 0, 1, 29, 1),
(14, '2', 0, 4, 'A4', 1.25, 0, 1, 0, 30, 0),
(1,  '1', 0, 4, 'A4', 1.5, 1, 0, 1, 31, 0),
(2,  '2', 1, 1, 'A4', 1.0, 1, 0, 1, 32, 0),
(1,  '1', 1, 1, 'A4', 1.0, 1, 0, 1, 33, 1),
(2,  '2', 0, 2, 'A3', 0.5, 0, 1, 0, 34, 0),
(1,  '1', 1, 4, 'A4', 1.5, 1, 0, 1, 35, 1),
(2,  '2', 0, 1, 'A4', 1.0, 0, 1, 0, 36, 0),
(1,  '1', 1, 2, 'A3', 0.75, 1, 0, 1, 37, 1),
(2,  '2', 0, 4, 'A4', 1.25, 0, 1, 0, 38, 0),
(1,  '1', 1, 1, 'A4', 1.0, 1, 0, 1, 39, 1),
(2,  '2', 0, 2, 'A3', 0.5, 0, 1, 0, 40, 0),
(1,  '1', 1, 4, 'A4', 1.5, 1, 0, 1, 41, 1),
(2,  '2', 0, 1, 'A4', 1.0, 0, 1, 0, 42, 0),
(1,  '1', 1, 2, 'A3', 0.75, 1, 0, 1, 43, 1),
(2,  '2', 0, 4, 'A4', 1.25, 0, 1, 0, 44, 0),
(1,  '1', 1, 1, 'A4', 1.0, 1, 0, 1, 45, 1),
(2,  '2', 0, 2, 'A3', 0.5, 0, 1, 0, 46, 0),
(1,  '1', 1, 4, 'A4', 1.5, 1, 0, 1, 47, 1),
(2,  '2', 0, 1, 'A4', 1.0, 0, 1, 0, 48, 0),
(1,  '1', 1, 2, 'A3', 0.75, 1, 0, 1, 49, 1),
(2,  '2', 0, 4, 'A4', 1.25, 0, 1, 0, 50, 0),
(1,  '1', 1, 1, 'A4', 1.0, 1, 0, 1, 51, 1),
(2,  '2', 0, 2, 'A3', 0.5, 0, 1, 0, 52, 0),
(1,  '1', 1, 4, 'A4', 1.5, 1, 0, 1, 53, 1),
(2,  '2', 0, 1, 'A4', 1.0, 0, 1, 0, 54, 0),
(1,  '1', 1, 2, 'A3', 0.75, 1, 0, 1, 55, 1),
(2,  '2', 0, 4, 'A4', 1.25, 0, 1, 0, 56, 0),
(1,  '1', 1, 1, 'A4', 1.0, 1, 0, 1, 57, 1),
(2,  '2', 0, 2, 'A3', 0.5, 0, 1, 0, 58, 0),
(1,  '1', 1, 4, 'A4', 1.5, 1, 0, 1, 59, 1),
(2,  '2', 0, 1, 'A4', 1.0, 0, 1, 0, 60, 0),
(1,  '1', 1, 2, 'A3', 0.75, 1, 0, 1, 61, 1),
(2,  '2', 0, 4, 'A4', 1.25, 0, 1, 0, 62, 0),
(1,  '1', 1, 1, 'A4', 1.0, 1, 0, 1, 63, 1),
(2,  '2', 0, 2, 'A3', 0.5, 0, 1, 0, 64, 0),
(10, '1', 1, 1, 'A4', 1.0, 1, 0, 1, 65, 1),
(20, '2', 0, 2, 'A3', 0.5, 0, 1, 0, 66, 0),
(15, '1', 1, 4, 'A4', 1.5, 1, 0, 1, 67, 1),
(25, '2', 0, 1, 'A4', 1.0, 0, 1, 0, 68, 0);

INSERT INTO packagePrintingPages (packageID, color, fromPage, toPage, orientation) VALUES
(1, 1, 1, 10, 'Portrait'),
(2, 0, 1, 20, 'Landscape'),
(3, 1, 1, 15, 'Portrait'),
(4, 0, 1, 25, 'Landscape'),
(5, 1, 1, 30, 'Portrait'),
(6, 0, 1, 12, 'Landscape'),
(7, 1, 1, 18, 'Portrait'),
(8, 0, 1, 22, 'Landscape'),
(9, 1, 1, 16, 'Portrait'),
(10, 0, 1, 24, 'Landscape'),
(11, 1, 1, 28, 'Portrait'),
(12, 0, 1, 14, 'Landscape'),
(13, 1, 1, 20, 'Portrait'),
(14, 0, 1, 26, 'Landscape'),
(15, 1, 1, 18, 'Portrait'),
(16, 0, 1, 25, 'Landscape'),
(17, 1, 1, 30, 'Portrait'),
(18, 0, 1, 15, 'Landscape'),
(19, 1, 1, 21, 'Portrait'),
(20, 0, 1, 27, 'Landscape'),
(21, 1, 1, 19, 'Portrait'),
(22, 0, 1, 23, 'Landscape'),
(23, 1, 1, 29, 'Portrait'),
(24, 0, 1, 13, 'Landscape'),
(25, 1, 1, 17, 'Portrait'),
(26, 0, 1, 22, 'Landscape'),
(27, 1, 1, 16, 'Portrait'),
(28, 0, 1, 24, 'Landscape'),
(29, 1, 1, 28, 'Portrait'),
(30, 0, 1, 14, 'Landscape'),
(31, 0, 1, 4, 'Portrait'),
(32, 1, 5, 10, 'Landscape'),
(33, 1, 1, 1, 'Portrait'),
(34, 0, 2, 4, 'Landscape'),
(35, 1, 1, 3, 'Portrait'),
(36, 0, 1, 1, 'Landscape'),
(37, 1, 1, 2, 'Portrait'),
(38, 0, 3, 6, 'Landscape'),
(39, 1, 1, 4, 'Portrait'),
(40, 0, 1, 2, 'Landscape'),
(41, 1, 1, 5, 'Portrait'),
(42, 0, 3, 6, 'Landscape'),
(43, 1, 1, 6, 'Portrait'),
(44, 0, 1, 3, 'Landscape'),
(45, 1, 1, 7, 'Portrait'),
(46, 0, 4, 7, 'Landscape'),
(47, 1, 1, 8, 'Portrait'),
(48, 0, 1, 4, 'Landscape'),
(49, 1, 1, 9, 'Portrait'),
(50, 0, 2, 5, 'Landscape'),
(51, 1, 1, 10, 'Portrait'),
(52, 0, 1, 5, 'Landscape'),
(53, 1, 1, 11, 'Portrait'),
(54, 0, 2, 6, 'Landscape'),
(55, 1, 1, 12, 'Portrait'),
(56, 0, 1, 6, 'Landscape'),
(57, 1, 1, 13, 'Portrait'),
(58, 0, 2, 7, 'Landscape'),
(59, 1, 1, 14, 'Portrait'),
(60, 0, 1, 7, 'Landscape'),
(61, 1, 1, 15, 'Portrait'),
(62, 0, 2, 8, 'Landscape'),
(63, 1, 1, 16, 'Portrait'),
(64, 0, 1, 8, 'Landscape'),
(65, 1, 1, 10, 'Portrait'),
(66, 0, 1, 20, 'Landscape'),
(67, 1, 1, 15, 'Portrait'),
(68, 0, 1, 25, 'Landscape');

-- Insert data into the fileMetadata table
INSERT INTO fileMetadata (fileName, size, numPages, url, packageID) VALUES
('file1.pdf', 1.2, 10, 'http://example.com/file1.pdf', 1),
('file2.pdf', 2.5, 20, 'http://example.com/file2.pdf', 2),
('file3.pdf', 1.8, 15, 'http://example.com/file3.pdf', 3),
('file4.pdf', 3.0, 25, 'http://example.com/file4.pdf', 4),
('file5.pdf', 2.7, 30, 'http://example.com/file5.pdf', 5),
('file6.pdf', 1.1, 12, 'http://example.com/file6.pdf', 6),
('file7.pdf', 1.5, 18, 'http://example.com/file7.pdf', 7),
('file8.pdf', 2.2, 22, 'http://example.com/file8.pdf', 8),
('file9.pdf', 1.4, 16, 'http://example.com/file9.pdf', 9),
('file10.pdf', 2.8, 24, 'http://example.com/file10.pdf', 10),
('file11.pdf', 3.2, 28, 'http://example.com/file11.pdf', 11),
('file12.pdf', 1.3, 14, 'http://example.com/file12.pdf', 12),
('file13.pdf', 2.0, 20, 'http://example.com/file13.pdf', 13),
('file14.pdf', 2.6, 26, 'http://example.com/file14.pdf', 14),
('file15.pdf', 1.7, 18, 'http://example.com/file15.pdf', 15),
('file16.pdf', 3.1, 25, 'http://example.com/file16.pdf', 16),
('file17.pdf', 2.9, 30, 'http://example.com/file17.pdf', 17),
('file18.pdf', 1.6, 15, 'http://example.com/file18.pdf', 18),
('file19.pdf', 2.1, 21, 'http://example.com/file19.pdf', 19),
('file20.pdf', 2.7, 27, 'http://example.com/file20.pdf', 20),
('file21.pdf', 1.9, 19, 'http://example.com/file21.pdf', 21),
('file22.pdf', 2.3, 23, 'http://example.com/file22.pdf', 22),
('file23.pdf', 3.0, 29, 'http://example.com/file23.pdf', 23),
('file24.pdf', 1.2, 13, 'http://example.com/file24.pdf', 24),
('file25.pdf', 1.8, 17, 'http://example.com/file25.pdf', 25),
('file26.pdf', 2.4, 22, 'http://example.com/file26.pdf', 26),
('file27.pdf', 1.5, 16, 'http://example.com/file27.pdf', 27),
('file28.pdf', 2.9, 24, 'http://example.com/file28.pdf', 28),
('file29.pdf', 3.3, 28, 'http://example.com/file29.pdf', 29),
('file30.pdf', 1.4, 14, 'http://example.com/file30.pdf', 30),
('file31.pdf', 0.6, 4, 'http://example.com/file31.pdf', 31),
('file32.pdf', 1.3, 10, 'http://example.com/file32.pdf', 32),
('file33.pdf', 0.9, 1, 'http://example.com/file33.pdf', 33),
('file34.pdf', 0.8, 4, 'http://example.com/file34.pdf', 34),
('file35.pdf', 0.7, 3, 'http://example.com/file35.pdf', 35),
('file36.pdf', 0.5, 1, 'http://example.com/file36.pdf', 36),
('file37.pdf', 0.4, 2, 'http://example.com/file37.pdf', 37),
('file38.pdf', 0.3, 3, 'http://example.com/file38.pdf', 38),
('file39.pdf', 0.2, 4, 'http://example.com/file39.pdf', 39),
('file40.pdf', 0.1, 2, 'http://example.com/file40.pdf', 40),
('file41.pdf', 0.7, 5, 'http://example.com/file41.pdf', 41),
('file42.pdf', 0.6, 3, 'http://example.com/file42.pdf', 42),
('file43.pdf', 0.5, 6, 'http://example.com/file43.pdf', 43),
('file44.pdf', 0.4, 4, 'http://example.com/file44.pdf', 44),
('file45.pdf', 0.3, 7, 'http://example.com/file45.pdf', 45),
('file46.pdf', 0.2, 3, 'http://example.com/file46.pdf', 46),
('file47.pdf', 0.1, 8, 'http://example.com/file47.pdf', 47),
('file48.pdf', 0.7, 4, 'http://example.com/file48.pdf', 48),
('file49.pdf', 0.6, 9, 'http://example.com/file49.pdf', 49),
('file50.pdf', 0.5, 5, 'http://example.com/file50.pdf', 50),
('file51.pdf', 0.4, 10, 'http://example.com/file51.pdf', 51),
('file52.pdf', 0.3, 6, 'http://example.com/file52.pdf', 52),
('file53.pdf', 0.2, 11, 'http://example.com/file53.pdf', 53),
('file54.pdf', 0.1, 7, 'http://example.com/file54.pdf', 54),
('file55.pdf', 0.7, 12, 'http://example.com/file55.pdf', 55),
('file56.pdf', 0.6, 8, 'http://example.com/file56.pdf', 56),
('file57.pdf', 0.5, 13, 'http://example.com/file57.pdf', 57),
('file58.pdf', 0.4, 9, 'http://example.com/file58.pdf', 58),
('file59.pdf', 0.3, 14, 'http://example.com/file59.pdf', 59),
('file60.pdf', 0.2, 10, 'http://example.com/file60.pdf', 60),
('file61.pdf', 0.1, 15, 'http://example.com/file61.pdf', 61),
('file62.pdf', 0.7, 11, 'http://example.com/file62.pdf', 62),
('file63.pdf', 0.6, 16, 'http://example.com/file63.pdf', 63),
('file64.pdf', 0.5, 12, 'http://example.com/file64.pdf', 64),
('file65.pdf', 1.2, 10, 'http://example.com/file65.pdf', 65),
('file66.pdf', 2.5, 20, 'http://example.com/file66.pdf', 66),
('file67.pdf', 1.8, 15, 'http://example.com/file67.pdf', 67),
('file68.pdf', 3.0, 25, 'http://example.com/file68.pdf', 68);

-- Insert data into the printingLog table
INSERT INTO printingLog (orderID, logNumber, startTime, endTime, fileID) VALUES
(1, 1, '2024-01-10 09:00:00', '2024-01-10 10:00:00', 1),
(2, 2, '2024-01-11 10:00:00', '2024-01-11 11:00:00', 2),
(3, 3, '2024-01-12 11:00:00', '2024-01-12 12:00:00', 3),
(4, 4, '2024-01-13 13:00:00', '2024-01-13 14:00:00', 4),
(5, 5, '2024-01-14 14:00:00', '2024-01-14 15:00:00', 5),
(6, 6, '2024-01-15 11:00:00', '2024-01-15 12:00:00', 6),
(7, 7, '2024-01-16 13:00:00', '2024-01-16 14:00:00', 7),
(8, 8, '2024-01-17 14:00:00', '2024-01-17 15:00:00', 8),
(9, 9, '2024-01-18 16:00:00', '2024-01-18 17:00:00', 9),
(10, 10, '2024-01-19 18:00:00', '2024-01-19 19:00:00', 10),
(11, 11, '2024-01-20 09:00:00', '2024-01-20 10:00:00', 11),
(12, 12, '2024-01-21 11:00:00', '2024-01-21 12:00:00', 12),
(13, 13, '2024-01-22 13:00:00', '2024-01-22 14:00:00', 13),
(14, 14, '2024-01-23 14:00:00', '2024-01-23 15:00:00', 14),
(15, 15, '2024-01-24 16:00:00', '2024-01-24 17:00:00', 15),
(16, 16, '2024-01-25 18:00:00', '2024-01-25 19:00:00', 16),
(17, 17, '2024-01-26 09:00:00', '2024-01-26 10:00:00', 17),
(18, 18, '2024-01-27 11:00:00', '2024-01-27 12:00:00', 18),
(19, 19, '2024-01-28 13:00:00', '2024-01-28 14:00:00', 19),
(20, 20, '2024-01-29 14:00:00', '2024-01-29 15:00:00', 20),
(21, 21, '2024-01-30 16:00:00', '2024-01-30 17:00:00', 21),
(22, 22, '2024-01-31 18:00:00', '2024-01-31 19:00:00', 22),
(23, 23, '2024-02-01 09:00:00', '2024-02-01 10:00:00', 23),
(24, 24, '2024-02-02 11:00:00', '2024-02-02 12:00:00', 24),
(25, 25, '2024-02-03 13:00:00', '2024-02-03 14:00:00', 25),
(26, 26, '2024-02-04 14:00:00', '2024-02-04 15:00:00', 26),
(27, 27, '2024-02-05 16:00:00', '2024-02-05 17:00:00', 27),
(28, 28, '2024-02-06 18:00:00', '2024-02-06 19:00:00', 28),
(29, 29, '2024-02-07 09:00:00', '2024-02-07 10:00:00', 29),
(30, 30, '2024-02-08 11:00:00', '2024-02-08 12:00:00', 30),
(31, 31, '2024-02-09 13:00:00', '2024-02-09 14:00:00', 31),
(32, 32, '2024-02-10 14:00:00', '2024-02-10 15:00:00', 32),
(33, 33, '2024-02-11 16:00:00', '2024-02-11 17:00:00', 33),
(34, 34, '2024-02-12 18:00:00', '2024-02-12 19:00:00', 34),
(35, 35, '2024-02-13 09:00:00', '2024-02-13 10:00:00', 35),
(36, 36, '2024-02-14 11:00:00', '2024-02-14 12:00:00', 36),
(37, 37, '2024-02-15 13:00:00', '2024-02-15 14:00:00', 37),
(38, 38, '2024-02-16 14:00:00', '2024-02-16 15:00:00', 38),
(39, 39, '2024-02-17 16:00:00', '2024-02-17 17:00:00', 39),
(40, 40, '2024-02-18 18:00:00', '2024-02-18 19:00:00', 40),
(41, 41, '2024-02-19 09:00:00', '2024-02-19 10:00:00', 41),
(42, 42, '2024-02-20 11:00:00', '2024-02-20 12:00:00', 42),
(43, 43, '2024-02-21 13:00:00', '2024-02-21 14:00:00', 43),
(44, 44, '2024-02-22 14:00:00', '2024-02-22 15:00:00', 44),
(45, 45, '2024-02-23 16:00:00', '2024-02-23 17:00:00', 45),
(46, 46, '2024-02-24 18:00:00', '2024-02-24 19:00:00', 46),
(47, 47, '2024-02-25 09:00:00', '2024-02-25 10:00:00', 47),
(48, 48, '2024-02-26 11:00:00', '2024-02-26 12:00:00', 48),
(49, 49, '2024-02-27 13:00:00', '2024-02-27 14:00:00', 49),
(50, 50, '2024-02-28 14:00:00', '2024-02-28 15:00:00', 50),
(51, 51, '2024-02-29 16:00:00', '2024-02-29 17:00:00', 51),
(52, 52, '2024-03-01 18:00:00', '2024-03-01 19:00:00', 52),
(53, 53, '2024-03-02 09:00:00', '2024-03-02 10:00:00', 53),
(54, 54, '2024-03-03 11:00:00', '2024-03-03 12:00:00', 54),
(55, 55, '2024-03-04 13:00:00', '2024-03-04 14:00:00', 55),
(56, 56, '2024-03-05 14:00:00', '2024-03-05 15:00:00', 56),
(57, 57, '2024-03-06 16:00:00', '2024-03-06 17:00:00', 57),
(58, 58, '2024-03-07 18:00:00', '2024-03-07 19:00:00', 58),
(59, 59, '2024-03-08 09:00:00', '2024-03-08 10:00:00', 59),
(60, 60, '2024-03-09 11:00:00', '2024-03-09 12:00:00', 60),
(61, 61, '2024-03-10 13:00:00', '2024-03-10 14:00:00', 61),
(62, 62, '2024-03-11 14:00:00', '2024-03-11 15:00:00', 62),
(63, 63, '2024-03-12 16:00:00', '2024-03-12 17:00:00', 63),
(64, 64, '2024-03-13 18:00:00', '2024-03-13 19:00:00', 64),
(65, 65, '2024-02-01 09:00:00', '2024-02-01 10:00:00', 65),
(66, 66, '2024-02-02 10:00:00', '2024-02-02 11:00:00', 66),
(67, 67, '2024-02-03 11:00:00', '2024-02-03 12:00:00', 67),
(68, 68, '2024-02-04 12:00:00', '2024-02-04 13:00:00', 68);

INSERT INTO combo (price, numCoins) VALUES
(10000, 10000),
(20000, 20000),
(30000, 30000),
(40000, 40000),
(50000, 50000),
(60000, 60000),
(70000, 70000),
(80000, 80000);

INSERT INTO paymentLog (paymentTime, money) VALUES
('2024-01-01 08:00:00', 500),
('2024-01-01 09:00:00', 100),
('2024-01-02 11:00:00', 500),
('2024-01-03 07:00:00', 10000),  -- CB0001
('2024-01-10 09:00:00', 100),
('2024-01-11 10:00:00', 200),
('2024-01-12 11:00:00', 250),
('2024-01-13 13:00:00', 300),
('2024-01-14 14:00:00', 350),
('2024-01-15 11:00:00', 150),
('2024-02-10 13:00:00', 200),
('2024-02-11 14:00:00', 500),
('2024-03-05 14:00:00', 250),
('2024-04-01 16:00:00', 300),
('2024-04-20 18:00:00', 350),
('2024-04-22 15:00:00', 50000),  -- CB0005
('2024-05-10 09:00:00', 400),
('2024-06-15 11:00:00', 450),
('2024-07-12 13:00:00', 500),
('2024-07-12 14:00:00', 30000),  -- CB0003
('2024-08-10 15:00:00', 30000),  -- CB0003
('2024-08-11 14:00:00', 500),
('2024-08-12 16:00:00', 550),
('2024-08-13 18:00:00', 600),
('2024-08-14 09:00:00', 650),
('2024-08-15 11:00:00', 700),
('2024-08-16 13:00:00', 50000),  -- CB0005
('2024-08-17 14:00:00', 800),
('2024-08-18 16:00:00', 850),
('2024-08-19 18:00:00', 900),
('2024-08-20 09:00:00', 60000),  -- CB0006
('2024-08-20 14:00:00', 550),
('2024-09-11 16:00:00', 600),
('2024-10-13 18:00:00', 650),
('2024-10-14 15:00:00', 700),
('2024-10-15 11:00:00', 750),
('2024-10-16 13:00:00', 40000),  -- CB0004
('2024-10-17 14:00:00', 850),
('2024-10-18 16:00:00', 900),
('2024-10-19 18:00:00', 950),
('2024-10-20 09:00:00', 50000),  -- CB0005
('2024-10-21 11:00:00', 1050),
('2024-10-22 13:00:00', 1100),
('2024-10-23 14:00:00', 1150),
('2024-10-24 16:00:00', 20000),  -- CB0002
('2024-10-25 18:00:00', 1250),
('2024-10-26 09:00:00', 1300),
('2024-10-27 11:00:00', 10000),  -- CB0001
('2024-10-28 13:00:00', 1400),
('2024-10-29 14:00:00', 1450),
('2024-10-30 16:00:00', 1500),
('2024-10-31 18:00:00', 1550),
('2024-11-01 09:00:00', 1600),
('2024-11-02 11:00:00', 1650),
('2024-11-03 13:00:00', 1700),
('2024-11-04 14:00:00', 1750),
('2024-11-05 16:00:00', 1800),
('2024-11-06 18:00:00', 1850),
('2024-11-07 09:00:00', 1900),
('2024-11-08 11:00:00', 1950),
('2024-11-09 13:00:00', 2000),
('2024-11-10 14:00:00', 2050),
('2024-11-15 09:00:00', 700),
('2024-12-10 11:00:00', 750),
('2024-12-11 13:00:00', 800),
('2024-12-12 14:00:00', 850),
('2024-12-13 16:00:00', 900),
('2024-12-14 18:00:00', 950),
('2024-12-15 09:00:00', 1000),
('2024-12-16 11:00:00', 1050),
('2024-12-17 13:00:00', 1100),
('2024-12-18 14:00:00', 10000),  -- CB0001
('2024-12-19 16:00:00', 10000),  -- CB0001
('2024-12-20 18:00:00', 10000),  -- CB0001
('2024-12-21 09:00:00', 10000),  -- CB0001
('2024-12-22 11:00:00', 10000),  -- CB0001
('2024-12-23 13:00:00', 10000),  -- CB0001
('2024-12-24 14:00:00', 10000),  -- CB0001
('2024-12-25 16:00:00', 10000),  -- CB0001
('2024-12-26 18:00:00', 10000),  -- CB0001
('2024-12-27 09:00:00', 10000),  -- CB0001
('2024-12-28 11:00:00', 10000),  -- CB0001
('2024-12-29 13:00:00', 10000),  -- CB0001
('2024-12-30 14:00:00', 10000),  -- CB0001
('2024-12-31 16:00:00', 10000),   -- CB0001
('2024-01-01 18:00:00', 10000),   -- CB0001
('2024-01-02 09:00:00', 20000),   -- CB0002
('2024-01-03 11:00:00', 20000),   -- CB0002
('2024-01-04 13:00:00', 20000),   -- CB0002
('2024-01-05 14:00:00', 20000),   -- CB0002
('2024-01-06 16:00:00', 2100),
('2024-01-07 18:00:00', 2150),
('2024-01-08 09:00:00', 20000),   -- CB0002
('2024-01-09 11:00:00', 20000),   -- CB0002
('2024-01-10 13:00:00', 20000),   -- CB0002
('2024-01-11 14:00:00', 2350),
('2024-01-12 16:00:00', 20000),   -- CB0002
('2024-02-01 08:00:00', 700),
('2024-02-02 09:00:00', 800);

-- Deposit log has money in payemntLog >= 10000
-- customerID = 4 or 6 or 7 or 8
INSERT INTO depositLog (id, method, note, customerID) VALUES
(4, 'Cash', 'Use Cash', 4),
(16, 'Momo', 'Use Momo', 4),
(20, 'Mono', 'Use Momo', 6),
(21, 'Momo', 'Use Momo', 8),
(27, 'Momo', 'Use Momo', 7),
(31, 'Momo', 'Use Momo', 4),
(37, 'Momo', 'Use Momo', 6),
(41, 'Momo', 'Use Momo', 8),
(45, 'Momo', 'Use Momo', 7),
(48, 'Momo', 'Use Momo', 4),
(72, 'Momo', 'Use Momo', 6),
(73, 'Momo', 'Use Momo', 8),
(74, 'Momo', 'Use Momo', 4),
(75, 'Momo', 'Use Momo', 4),
(76, 'Momo', 'Use Momo', 6),
(77, 'Momo', 'Use Momo', 8),
(78, 'Momo', 'Use Momo', 4),
(79, 'Momo', 'Use Momo', 4),
(80, 'Momo', 'Use Momo', 6),
(81, 'Momo', 'Use Momo', 8),
(82, 'Momo', 'Use Momo', 7),
(83, 'Momo', 'Use Momo', 4),
(84, 'Momo', 'Use Momo', 6),
(85, 'Momo', 'Use Momo', 8),
(86, 'Momo', 'Use Momo', 6),
(87, 'Momo', 'Use Momo', 4),
(88, 'Momo', 'Use Momo', 6),
(89, 'Momo', 'Use Momo', 8),
(90, 'Momo', 'Use Momo', 4),
(93, 'Momo', 'Use Momo', 4),
(94, 'Momo', 'Use Momo', 6),
(95, 'Momo', 'Use Momo', 8),
(97, 'Momo', 'Use Momo', 4),
(65, 'Cash', 'Use Cash', 13),
(66, 'Momo', 'Use Momo', 14);

INSERT INTO depositCombo (logID, comboID, quantity) VALUES
(4, 'CB0001', 1),
(16, 'CB0005', 1),
(20, 'CB0003', 1),
(21, 'CB0003', 1),
(27, 'CB0005', 1),
(31, 'CB0006', 1),
(37, 'CB0004', 1),
(41, 'CB0005', 1),
(45, 'CB0002', 1),
(48, 'CB0001', 1),
(72, 'CB0001', 1),
(73, 'CB0001', 1),
(74, 'CB0001', 1),
(75, 'CB0001', 1),
(76, 'CB0001', 1),
(77, 'CB0001', 1),
(78, 'CB0001', 1),
(79, 'CB0001', 1),
(80, 'CB0001', 1),
(81, 'CB0001', 1),
(82, 'CB0001', 1),
(83, 'CB0001', 1),
(84, 'CB0001', 1),
(85, 'CB0001', 1),
(86, 'CB0001', 1),
(87, 'CB0002', 1),
(88, 'CB0002', 1),
(89, 'CB0002', 1),
(90, 'CB0002', 1),
(93, 'CB0002', 1),
(94, 'CB0002', 1),
(95, 'CB0002', 1),
(97, 'CB0002', 1),
(65, 'CB0007', 1),
(66, 'CB0008', 1);

INSERT INTO returnLog (id) VALUES
(1),
(3),
(7),
(51),
(65),
(68),
(71),
(92),
(96), (2), (5), (6), (8), (11), (12), (14), (17), (18), (19), (23), (24), (25), (28), (29), (30), (33), (34), (35),
(65),
(66);

INSERT INTO withdrawLog (id) VALUES
(1),
(2),
(3),
(5),
(6),
(7),
(8),
(9),
(10),
(11),
(12),
(13),
(14),
(15),
(17),
(18),
(19),
(22),
(23),
(24),
(25),
(26),
(28),
(29),
(30),
(32),
(33),
(34),
(35),
(36),
(38),
(39),
(40),
(42),
(43),
(44),
(46),
(47),
(49),
(50),
(51),
(52),
(53),
(54),
(55),
(56),
(57),
(58),
(59),
(60),
(61),
(62),
(63),
(64),
(65),
(66),
(67),
(68),
(69),
(70),
(71),
(91),
(92),
(96),
(65),
(66);

-- Mapping table for orderID and logID in withdrawLog customerID = 4 or 6 or 7 or 8
INSERT INTO makeOrders (customerID, orderID, logID, note) VALUES
(6, 1, 1, 'Note for order 1'),
(4, 2, 2, 'Note for order 2'),
(6, 3, 3, 'Note for order 3'),
(8, 4, 5, 'Note for order 4'),
(7, 5, 6, 'Note for order 5'),
(4, 6, 7, 'Note for order 6'),
(6, 7, 8, 'Note for order 7'),
(8, 8, 9, 'Note for order 8'),
(7, 9, 10, 'Note for order 9'),
(4, 10, 11, 'Note for order 10'),
(6, 11, 12, 'Note for order 11'),
(8, 12, 13, 'Note for order 12'),
(7, 13, 14, 'Note for order 13'),
(4, 14, 15, 'Note for order 14'),
(6, 15, 17, 'Note for order 15'),
(8, 16, 18, 'Note for order 16'),
(7, 17, 19, 'Note for order 17'),
(4, 18, 22, 'Note for order 18'),
(6, 19, 23, 'Note for order 19'),
(8, 20, 24, 'Note for order 20'),
(7, 21, 25, 'Note for order 21'),
(4, 22, 26, 'Note for order 22'),
(6, 23, 28, 'Note for order 23'),
(8, 24, 29, 'Note for order 24'),
(7, 25, 30, 'Note for order 25'),
(4, 26, 32, 'Note for order 26'),
(6, 27, 33, 'Note for order 27'),
(8, 28, 34, 'Note for order 28'),
(7, 29, 35, 'Note for order 29'),
(4, 30, 36, 'Note for order 30'),
(6, 31, 38, 'Note for order 31'),
(8, 32, 39, 'Note for order 32'),
(7, 33, 40, 'Note for order 33'),
(4, 34, 42, 'Note for order 34'),
(6, 35, 43, 'Note for order 35'),
(8, 36, 44, 'Note for order 36'),
(7, 37, 46, 'Note for order 37'),
(4, 38, 47, 'Note for order 38'),
(6, 39, 49, 'Note for order 39'),
(8, 40, 50, 'Note for order 40'),
(7, 41, 51, 'Note for order 41'),
(4, 42, 52, 'Note for order 42'),
(6, 43, 53, 'Note for order 43'),
(8, 44, 54, 'Note for order 44'),
(7, 45, 55, 'Note for order 45'),
(4, 46, 56, 'Note for order 46'),
(6, 47, 57, 'Note for order 47'),
(8, 48, 58, 'Note for order 48'),
(7, 49, 59, 'Note for order 49'),
(4, 50, 60, 'Note for order 50'),
(6, 51, 61, 'Note for order 51'),
(8, 52, 62, 'Note for order 52'),
(7, 53, 63, 'Note for order 53'),
(4, 54, 64, 'Note for order 54'),
(6, 55, 65, 'Note for order 55'),
(8, 56, 66, 'Note for order 56'),
(7, 57, 67, 'Note for order 57'),
(4, 58, 68, 'Note for order 58'),
(6, 59, 69, 'Note for order 59'),
(8, 60, 70, 'Note for order 60'),
(7, 61, 71, 'Note for order 61'),
(4, 62, 91, 'Note for order 62'),
(6, 63, 92, 'Note for order 63'),
(8, 64, 96, 'Note for order 64'),
(13, 65, 65, 'Note for order 65'),
(14, 66, 66, 'Note for order 66');

INSERT INTO cancelOrders (customerID, orderID, logID, note) VALUES
(6, 1, 1, 'Order cancelled due to printer issue'),
(6, 3, 3, 'Order cancelled due to incorrect file format'),
(4, 6, 7, 'Order cancelled due to insufficient funds'),
(7, 41, 51, 'Order cancelled due to printer issue'),
(6, 55, 65, 'Order cancelled due to incorrect file format'),
(4, 58, 68, 'Order cancelled due to insufficient funds'),
(7, 61, 71, 'Order cancelled due to printer issue'),
(6, 63, 92, 'Order cancelled due to incorrect file format'),
(4, 64, 96, 'Order cancelled due to insufficient funds'),
(13, 65, 65, 'Order cancelled due to printer issue'),
(14, 66, 66, 'Order cancelled due to incorrect file format');

INSERT INTO declineOrders (staffID, orderID, logID, note) VALUES
(1, 2, 2, 'Order declined due to printer issue'),
(9, 4, 5, 'Order declined due to incorrect file format'),
(3, 5, 6, 'Order declined due to insufficient funds'),
(1, 7, 8, 'Order declined due to printer issue'),
(10, 10, 11, 'Order declined due to incorrect file format'),
(3, 11, 12, 'Order declined due to insufficient funds'),
(1, 13, 14, 'Order declined due to printer issue'),
(3, 15, 17, 'Order declined due to incorrect file format'),
(3, 16, 18, 'Order declined due to insufficient funds'),
(1, 17, 19, 'Order declined due to printer issue'),
(9, 19, 23, 'Order declined due to incorrect file format'),
(3, 20, 24, 'Order declined due to insufficient funds'),
(1, 21, 25, 'Order declined due to printer issue'),
(10, 23, 28, 'Order declined due to incorrect file format'),
(3, 24, 29, 'Order declined due to insufficient funds'),
(1, 25, 30, 'Order declined due to printer issue'),
(1, 27, 33, 'Order declined due to incorrect file format'),
(3, 28, 34, 'Order declined due to insufficient funds'),
(1, 29, 35, 'Order declined due to printer issue'),
(15, 65, 65, 'Order declined due to printer issue'),
(16, 66, 66, 'Order declined due to incorrect file format');